"question","définition de la reconnaissance faciale"
"answer","

La reconnaissance faciale est une technologie qui permet à un système informatique de reconnaître une personne à partir de ses caractéristiques faciales. Elle est généralement utilisée pour l'authentification et la vérification d'identité, et peut être utilisée pour des applications telles que la sécurité des systèmes, la surveillance des foules et la détection des visages. La reconnaissance faciale est basée sur des algorithmes qui analysent les caractéristiques faciales d'une personne, telles que la forme du visage, la taille des yeux, la taille du nez et la forme des lèvres. Ces caractéristiques sont ensuite comparées à des images stockées dans une base de données pour identifier la personne."
"question","Merci"
"answer"," de votre visite

Nous vous remercions de votre visite et espérons que vous avez trouvé ce que vous cherchiez. Si vous avez des questions ou des commentaires, n'hésitez pas à nous contacter. Nous sommes toujours heureux d'entendre de nos clients et de leur offrir le meilleur service possible. Merci encore et nous espérons vous revoir bientôt!"
"question","Merci"
"answer"," de votre visite

Nous vous remercions de votre visite et espérons que vous avez trouvé ce que vous cherchiez. Si vous avez des questions ou des commentaires, n'hésitez pas à nous contacter. Nous sommes toujours heureux d'entendre de nos clients et de leur offrir le meilleur service possible. Merci encore et nous espérons vous revoir bientôt!"
"question","donnez moi la meuilleure application de la reconnaissance faciale"
"answer","

La meilleure application de reconnaissance faciale est FaceApp. FaceApp est une application mobile qui permet aux utilisateurs de modifier leurs photos en appliquant des filtres et des effets spéciaux. Elle offre également une fonctionnalité de reconnaissance faciale qui permet aux utilisateurs de reconnaître des visages sur des photos et de les identifier. FaceApp est disponible pour iOS et Android et est très populaire auprès des utilisateurs."
"question","définition de la reconnaissance faciale"
"answer","

La reconnaissance faciale est une technologie qui permet à un système informatique de reconnaître une personne à partir de ses caractéristiques faciales. Elle est généralement utilisée pour l'authentification et la vérification d'identité, et peut être utilisée pour des applications telles que la sécurité des systèmes, la surveillance des foules et la détection des visages. La reconnaissance faciale est basée sur des algorithmes qui analysent les caractéristiques faciales d'une personne, telles que la forme du visage, la taille des yeux, la taille du nez et la forme des lèvres. Ces caractéristiques sont ensuite comparées à des images stockées dans une base de données pour identifier la personne."
"question","Merci"
"answer"," de votre visite

Nous vous remercions de votre visite et espérons que vous avez trouvé ce que vous cherchiez. Si vous avez des questions ou des commentaires, n'hésitez pas à nous contacter. Nous sommes toujours heureux d'entendre de nos clients et de leur offrir le meilleur service possible. Merci encore et nous espérons vous revoir bientôt!"
"question","donnez moi la meuilleure application de la reconnaissance faciale"
"answer","

La meilleure application de reconnaissance faciale est FaceApp. FaceApp est une application mobile qui permet aux utilisateurs de modifier leurs photos en appliquant des filtres et des effets spéciaux. Elle offre également une fonctionnalité de reconnaissance faciale qui permet aux utilisateurs de reconnaître des visages sur des photos et de les identifier. FaceApp est disponible pour iOS et Android et est très populaire auprès des utilisateurs."
"question","Merci"
"answer"," de votre visite

Nous vous remercions de votre visite et espérons que vous avez trouvé ce que vous cherchiez. Si vous avez des questions ou des commentaires, n'hésitez pas à nous contacter. Nous sommes toujours heureux d'entendre de nos clients et de leur offrir le meilleur service possible. Merci encore et nous espérons vous revoir bientôt!"
"question","donnez moi la meuilleure application de la reconnaissance faciale"
"answer","

La meilleure application de reconnaissance faciale est FaceApp. FaceApp est une application mobile qui permet aux utilisateurs de modifier leurs photos en appliquant des filtres et des effets spéciaux. Elle offre également une fonctionnalité de reconnaissance faciale qui permet aux utilisateurs de reconnaître des visages sur des photos et de les identifier. FaceApp est disponible pour iOS et Android et est très populaire auprès des utilisateurs."
"question","définition de la reconnaissance faciale"
"answer","

La reconnaissance faciale est une technologie qui permet à un système informatique de reconnaître une personne à partir de ses caractéristiques faciales. Elle est généralement utilisée pour l'authentification et la vérification d'identité, et peut être utilisée pour des applications telles que la sécurité des systèmes, la surveillance des foules et la détection des visages. La reconnaissance faciale est basée sur des algorithmes qui analysent les caractéristiques faciales d'une personne, telles que la forme du visage, la taille des yeux, la taille du nez et la forme des lèvres. Ces caractéristiques sont ensuite comparées à des images stockées dans une base de données pour identifier la personne."
"question","salut"
"answer","

Salut! Comment allez-vous?"
"question","Merci"
"answer"," de votre visite

Nous vous remercions de votre visite et espérons que vous avez trouvé ce que vous cherchiez. Si vous avez des questions ou des commentaires, n'hésitez pas à nous contacter. Nous sommes toujours heureux d'entendre de nos clients et de leur offrir le meilleur service possible. Merci encore et nous espérons vous revoir bientôt!"
"question","donnez moi la meuilleure application de la reconnaissance faciale"
"answer","

La meilleure application de reconnaissance faciale est FaceApp. Il s'agit d'une application mobile qui permet aux utilisateurs de modifier leurs photos en appliquant des filtres et des effets spéciaux. FaceApp utilise la technologie de reconnaissance faciale pour reconnaître les visages sur les photos et appliquer des effets spéciaux. Il permet aux utilisateurs de modifier leurs photos en ajoutant des filtres, des effets de couleur et des effets de style. FaceApp est disponible pour iOS et Android et est gratuit à télécharger."
"question","donnez moi la meuilleure application de la reconnaissance faciale"
"answer","

La meilleure application de reconnaissance faciale est FaceApp. Il s'agit d'une application mobile qui permet aux utilisateurs de modifier leurs photos en appliquant des filtres et des effets spéciaux. FaceApp utilise la technologie de reconnaissance faciale pour reconnaître les visages sur les photos et appliquer des effets spéciaux. Il permet aux utilisateurs de modifier leurs photos en ajoutant des filtres, des effets de couleur et des effets de style. FaceApp est disponible pour iOS et Android et est gratuit à télécharger."
"question","définition de la reconnaissance faciale"
"answer","

La reconnaissance faciale est une technologie qui permet à un système informatique de reconnaître une personne à partir de ses caractéristiques faciales. Elle est généralement utilisée pour l'authentification et la vérification d'identité, et peut être utilisée pour des applications telles que la sécurité des systèmes, la surveillance des foules et la détection des visages. La reconnaissance faciale est basée sur des algorithmes qui analysent les caractéristiques faciales d'une personne, telles que la forme du visage, la taille des yeux, la taille du nez et la forme des lèvres. Ces caractéristiques sont ensuite comparées à des images stockées dans une base de données pour identifier la personne."
